Names,BioSample,AvgSpotLen,Bases,Bytes,Collection_Date,env_local_scale,env_medium,Experiment,Host_Diet,Host,Library Name,create_date,Sample Name,replicate,Region,Location,Sex,Sample_or_Control
SRR21492533,SAMN30732762,272,23734490,11850353,9/25/15,Hindgut,fish gut,SRX17495893,Faunivorous Corallivore,Centropyge eibli,Centropyge_eibli_Hindgut_76,2022-09-12T11:49:00Z,CE_76_V,,Oceania,Christmas Island,,Sample
SRR21492534,SAMN30732761,272,29317816,14292752,9/25/15,Hindgut,fish gut,SRX17495892,Faunivorous Corallivore,Centropyge eibli,Centropyge_eibli_Hindgut_60,2022-09-11T21:57:00Z,CE_60_V,,Oceania,Christmas Island,,Sample
SRR21492535,SAMN30732760,273,28205020,15198977,9/25/15,Hindgut,fish gut,SRX17495891,Faunivorous Corallivore,Centropyge eibli,Centropyge_eibli_Hindgut_51,2022-09-11T22:44:00Z,CE_51_V,,Oceania,Christmas Island,,Sample
SRR21492536,SAMN30732759,272,29728295,14748303,9/25/15,Hindgut,fish gut,SRX17495890,Faunivorous Corallivore,Centropyge eibli,Centropyge_eibli_Hindgut_48,2022-09-11T21:57:00Z,CE_48_V,,Oceania,Christmas Island,,Sample
SRR21492537,SAMN30732758,272,33539394,17569134,9/25/15,Hindgut,fish gut,SRX17495889,Faunivorous Corallivore,Centropyge eibli,Centropyge_eibli_Hindgut_45,2022-09-11T22:00:00Z,CE_45_V,,Oceania,Christmas Island,,Sample
SRR21492538,SAMN30732757,273,35735341,18543971,9/25/15,Hindgut,fish gut,SRX17495888,Faunivorous Corallivore,Centropyge eibli,Centropyge_eibli_Hindgut_10,2022-09-11T23:05:00Z,CE_10_V,,Oceania,Christmas Island,,Sample
SRR21492540,SAMN30732756,272,27412839,13602222,9/25/15,Hindgut,fish gut,SRX17495886,Faunivorous Corallivore,Centropyge eibli,Centropyge_eibli_Hindgut_1,2022-09-11T22:00:00Z,CE_1_V,,Oceania,Christmas Island,,Sample
SRR21492517,SAMN30732746,272,35527589,17351622,9/25/15,Hindgut,fish gut,SRX17495909,Faunivorous Corallivore,Centropyge flavissima,Centropyge_flavissima_Hindgut_110,2022-09-11T21:58:00Z,CF_110_V,,Oceania,Christmas Island,,Sample
SRR21492518,SAMN30732745,272,31495510,15465604,9/25/15,Hindgut,fish gut,SRX17495908,Faunivorous Corallivore,Centropyge flavissima,Centropyge_flavissima_Hindgut_107,2022-09-11T21:57:00Z,CE_107_V,,Oceania,Christmas Island,,Sample
SRR21492519,SAMN30732744,273,27635825,14960116,9/25/15,Hindgut,fish gut,SRX17495907,Faunivorous Corallivore,Centropyge flavissima,Centropyge_flavissima_Hindgut_102,2022-09-11T22:34:00Z,CE_102_V,,Oceania,Christmas Island,,Sample
SRR21492520,SAMN30732743,273,31866818,15103441,9/25/15,Midgut,fish gut,SRX17495906,Faunivorous Corallivore,Centropyge flavissima,Centropyge_flavissima_Midgut_CF124,2022-09-11T21:59:00Z,CF_124_IV,,Oceania,Christmas Island,,Sample
SRR21492521,SAMN30732742,273,25568823,12378988,9/25/15,Midgut,fish gut,SRX17495905,Faunivorous Corallivore,Centropyge flavissima,Centropyge_flavissima_Midgut_CF123,2022-09-11T22:11:00Z,CF_123_IV,,Oceania,Christmas Island,,Sample
SRR21492522,SAMN30732741,273,21702331,10395010,9/25/15,Midgut,fish gut,SRX17495904,Faunivorous Corallivore,Centropyge flavissima,Centropyge_flavissima_Midgut_CF122,2022-09-11T21:57:00Z,CF_122_IV,,Oceania,Christmas Island,,Sample
SRR21492528,SAMN30732740,273,30688594,14226015,9/25/15,Midgut,fish gut,SRX17495898,Faunivorous Corallivore,Centropyge flavissima,Centropyge_flavissima_Midgut_CF120,2022-09-11T21:57:00Z,CF_120_IV,,Oceania,Christmas Island,,Sample
SRR21492539,SAMN30732739,273,23414240,12130325,9/25/15,Midgut,fish gut,SRX17495887,Faunivorous Corallivore,Centropyge flavissima,Centropyge_flavissima_Midgut_CF110,2022-09-11T21:58:00Z,CF_110_IV,,Oceania,Christmas Island,,Sample
SRR21492541,SAMN30732755,273,31469468,16923496,9/25/15,Hindgut,fish gut,SRX17495885,Faunivorous Corallivore,Centropyge flavissima,Centropyge_flavissima_Hindgut_125,2022-09-11T21:58:00Z,CF_125_V,,Oceania,Christmas Island,,Sample
SRR21492542,SAMN30732754,272,34946567,17199268,9/25/15,Hindgut,fish gut,SRX17495884,Faunivorous Corallivore,Centropyge flavissima,Centropyge_flavissima_Hindgut_112,2022-09-11T22:09:00Z,CF_112_V,,Oceania,Christmas Island,,Sample
SRR21492543,SAMN30732753,272,36450948,18463535,9/25/15,Hindgut,fish gut,SRX17495883,Faunivorous Corallivore,Centropyge flavissima,Centropyge_flavissima_Hindgut_108,2022-09-11T22:30:00Z,CF_108_V,,Oceania,Christmas Island,,Sample
SRR21492544,SAMN30732752,272,26090567,12977978,9/25/15,Hindgut,fish gut,SRX17495882,Faunivorous Corallivore,Centropyge flavissima,Centropyge_flavissima_Hindgut_105,2022-09-11T22:15:00Z,CF_105_V,,Oceania,Christmas Island,,Sample
SRR21492545,SAMN30732751,272,31143523,15142995,9/25/15,Hindgut,fish gut,SRX17495881,Faunivorous Corallivore,Centropyge flavissima,Centropyge_flavissima_Hindgut_104,2022-09-11T21:59:00Z,CF_104_V,,Oceania,Christmas Island,,Sample
SRR21492546,SAMN30732750,272,31603895,15707757,9/25/15,Hindgut,fish gut,SRX17495880,Faunivorous Corallivore,Centropyge flavissima,Centropyge_flavissima_Hindgut_124,2022-09-11T21:58:00Z,CF_124_V,,Oceania,Christmas Island,,Sample
SRR21492547,SAMN30732749,272,28261497,14802702,9/25/15,Hindgut,fish gut,SRX17495879,Faunivorous Corallivore,Centropyge flavissima,Centropyge_flavissima_Hindgut_123,2022-09-11T21:56:00Z,CF_123_V,,Oceania,Christmas Island,,Sample
SRR21492548,SAMN30732748,273,29527158,15449525,9/25/15,Hindgut,fish gut,SRX17495878,Faunivorous Corallivore,Centropyge flavissima,Centropyge_flavissima_Hindgut_122,2022-09-11T22:15:00Z,CF_122_V,,Oceania,Christmas Island,,Sample
SRR21492549,SAMN30732747,273,32809977,16495853,9/25/15,Hindgut,fish gut,SRX17495877,Faunivorous Corallivore,Centropyge flavissima,Centropyge_flavissima_Hindgut_120,2022-09-11T21:58:00Z,CF_120_V,,Oceania,Christmas Island,,Sample
SRR21492550,SAMN30732738,273,21599163,12025980,9/25/15,Midgut,fish gut,SRX17495876,Faunivorous Corallivore,Centropyge flavissima,Centropyge_flavissima_Midgut_CF107,2022-09-11T21:56:00Z,CF_CF107_IV,,Oceania,Christmas Island,,Sample
SRR21492551,SAMN30732737,273,17528519,9850002,9/25/15,Midgut,fish gut,SRX17495875,Faunivorous Corallivore,Centropyge flavissima,Centropyge_flavissima_Midgut_CF102,2022-09-11T22:02:00Z,CF_CF102_IV,,Oceania,Christmas Island,,Sample
SRR21492523,SAMN30732771,272,27541403,13824169,9/25/15,Hindgut,fish gut,SRX17495903,Faunivorous Corallivore,Centropyge spp. hybrid,Hyrbid_Hindgut_95,2022-09-11T21:56:00Z,Hybrid_95_V,,Oceania,Christmas Island,,Sample
SRR21492524,SAMN30732770,272,24222278,12084438,9/25/15,Hindgut,fish gut,SRX17495902,Faunivorous Corallivore,Centropyge spp. hybrid,Hyrbid_Hindgut_89,2022-09-11T21:56:00Z,Hybrid_89_V,,Oceania,Christmas Island,,Sample
SRR21492525,SAMN30732769,272,36917594,17763817,9/25/15,Hindgut,fish gut,SRX17495901,Faunivorous Corallivore,Centropyge spp. hybrid,Hyrbid_Hindgut_83,2022-09-11T21:59:00Z,Hybrid_83_V,,Oceania,Christmas Island,,Sample
SRR21492526,SAMN30732768,273,22987542,12262098,9/25/15,Hindgut,fish gut,SRX17495900,Faunivorous Corallivore,Centropyge spp. hybrid,Hyrbid_Hindgut_68,2022-09-11T21:58:00Z,Hybrid_68_V,,Oceania,Christmas Island,,Sample
SRR21492527,SAMN30732767,272,31169622,15383254,9/25/15,Hindgut,fish gut,SRX17495899,Faunivorous Corallivore,Centropyge spp. hybrid,Hyrbid_Hindgut_67,2022-09-11T21:57:00Z,Hybrid_67_V,,Oceania,Christmas Island,,Sample
SRR21492529,SAMN30732766,273,25283070,13332186,9/25/15,Hindgut,fish gut,SRX17495897,Faunivorous Corallivore,Centropyge spp. hybrid,Hyrbid_Hindgut_37,2022-09-11T22:16:00Z,Hybrid_37_V,,Oceania,Christmas Island,,Sample
SRR21492530,SAMN30732765,273,34455826,18065087,9/25/15,Hindgut,fish gut,SRX17495896,Faunivorous Corallivore,Centropyge spp. hybrid,Hyrbid_Hindgut_28,2022-09-11T21:56:00Z,Hybrid_28_V,,Oceania,Christmas Island,,Sample
SRR21492531,SAMN30732764,273,24594881,14286737,9/25/15,Hindgut,fish gut,SRX17495895,Faunivorous Corallivore,Centropyge spp. hybrid,Hyrbid_Hindgut_24,2022-09-11T21:56:00Z,Hybrid_24_V,,Oceania,Christmas Island,,Sample
SRR21492532,SAMN30732763,273,26356203,15189246,9/25/15,Hindgut,fish gut,SRX17495894,Faunivorous Corallivore,Centropyge spp. hybrid,Hyrbid_Hindgut_9,2022-09-11T21:57:00Z,Hybrid_9_V,,Oceania,Christmas Island,,Sample
SRR17060816,SAMN23482393,599,171331313,125901790,2017-12,Hindgut,lumen content from sample G184V,SRX13249752,Herbivorus - mainly red seaweed,Kyphosus cinerascens,G184V,2021-11-29T02:10:00Z,G184_V,,Oceania,Australia,,Sample
SRR17060817,SAMN23482392,600,406754678,283858428,2017-12,Midgut,lumen content from sample G184IV,SRX13249751,Herbivorus - mainly red seaweed,Kyphosus cinerascens,G184IV,2021-11-29T02:10:00Z,G184_IV,,Oceania,Australia,,Sample
SRR17060818,SAMN23482391,601,355428998,253656769,2017-12,Midgut,lumen content from sample G179IV,SRX13249750,Herbivorus - mainly red seaweed,Kyphosus cinerascens,G179IV,2021-11-29T02:10:00Z,G179_IV,,Oceania,Australia,,Sample
SRR17060819,SAMN23482390,600,227727082,166958760,2017-12,Hindgut,lumen content from sample G161V,SRX13249749,Herbivorus - mainly red seaweed,Kyphosus cinerascens,G161V,2021-11-29T02:10:00Z,G161_V,,Oceania,Australia,,Sample
SRR17060820,SAMN23482389,601,342767858,242758457,2017-12,Midgut,lumen content from sample G161IV,SRX13249748,Herbivorus - mainly red seaweed,Kyphosus cinerascens,G161IV,2021-11-29T02:10:00Z,G161_IV,,Oceania,Australia,,Sample
SRR17060821,SAMN23482388,600,334538270,234466949,2017-12,Hindgut,lumen content from sample G160V,SRX13249747,Herbivorus - mainly red seaweed,Kyphosus cinerascens,G160V,2021-11-29T02:10:00Z,G160_V,,Oceania,Australia,,Sample
SRR17060822,SAMN23482415,501,66357356,50444030,2011-03,Hindgut,lumen content from sample M90V,SRX13249746,Herbivorus - mainly green and brown seaweed,Kyphosus vaigiensis,M90V,2021-11-29T02:09:00Z,M90_V,,Oceania,Australia,,Sample
SRR17060823,SAMN23482414,501,108106029,82585804,2011-03,Midgut,lumen content from sample M90IV,SRX13249745,Herbivorus - mainly green and brown seaweed,Kyphosus vaigiensis,M90IV,2021-11-29T02:09:00Z,M90_IV,,Oceania,Australia,,Sample
SRR17060824,SAMN23482387,601,236573022,169070104,2017-12,Midgut,lumen content from sample G160IV,SRX13249744,Herbivorus - mainly red seaweed,Kyphosus cinerascens,G160IV,2021-11-29T02:10:00Z,G160_IV,,Oceania,Australia,,Sample
SRR17060825,SAMN23482413,501,58489265,44583181,2011-03,Midgut,lumen content from sample M241V,SRX13249743,Herbivorus - mainly green and brown seaweed,Kyphosus vaigiensis,M241V,2021-11-29T02:09:00Z,M241_V,,Oceania,Australia,,Sample
SRR17060826,SAMN23482412,501,54781628,41981029,2011-03,Midgut,lumen content from sample M241IV,SRX13249742,Herbivorus - mainly green and brown seaweed,Kyphosus vaigiensis,M241IV,2021-11-29T02:09:00Z,M241_IV,,Oceania,Australia,,Sample
SRR17060827,SAMN23482411,501,50776060,39075394,2011-03,Hindgut,lumen content from sample M106V,SRX13249741,Herbivorus - mainly green and brown seaweed,Kyphosus vaigiensis,M106V,2021-11-29T02:09:00Z,M106_V,,Oceania,Australia,,Sample
SRR17060828,SAMN23482410,501,62823410,47878040,2011-03,Hindgut,lumen content from sample M104V,SRX13249740,Herbivorus - mainly green and brown seaweed,Kyphosus vaigiensis,M104V,2021-11-29T02:09:00Z,M104_V,,Oceania,Australia,,Sample
SRR17060829,SAMN23482409,501,2111677,1686455,2011-03,Midgut,lumen content from sample M104IV,SRX13249739,Herbivorus - mainly green and brown seaweed,Kyphosus vaigiensis,M104IV,2021-11-29T02:09:00Z,M104_IV,,Oceania,Australia,,Sample
SRR17060830,SAMN23482408,600,22818865,16998920,2017-12,Hindgut,lumen content from sample G162V,SRX13249738,Herbivorus - mainly green and brown seaweed,Kyphosus vaigiensis,G162V,2021-11-29T02:10:00Z,G162_V,,Oceania,Australia,,Sample
SRR17060831,SAMN23482407,600,371732980,273683095,2017-12,Midgut,lumen content from sample G162IV,SRX13249737,Herbivorus - mainly green and brown seaweed,Kyphosus vaigiensis,G162IV,2021-11-29T02:10:00Z,G162_IV,,Oceania,Australia,,Sample
SRR17060832,SAMN23482406,600,182618055,130407707,2017-12,Hindgut,lumen content from sample G159V,SRX13249736,Herbivorus - mainly green and brown seaweed,Kyphosus vaigiensis,G159V,2021-11-29T02:10:00Z,G159_V,,Oceania,Australia,,Sample
SRR17060833,SAMN23482405,600,325487599,236153670,2017-12,Midgut,lumen content from sample G159IV,SRX13249735,Herbivorus - mainly green and brown seaweed,Kyphosus vaigiensis,G159IV,2021-11-29T02:10:00Z,G159_IV,,Oceania,Australia,,Sample
SRR17060834,SAMN23482404,600,329452127,242894261,2017-12,Hindgut,lumen content from sample G158V,SRX13249734,Herbivorus - mainly green and brown seaweed,Kyphosus vaigiensis,G158V,2021-11-29T02:10:00Z,G158_V,,Oceania,Australia,,Sample
SRR17060835,SAMN23482386,599,271318837,197034987,2017-12,Hindgut,lumen content from sample G138V,SRX13249733,Herbivorus - mainly red seaweed,Kyphosus cinerascens,G138V,2021-11-29T02:10:00Z,G138_V,,Oceania,Australia,,Sample
SRR17060836,SAMN23482403,601,316644185,229491065,2017-12,Midgut,lumen content from sample G158IV,SRX13249732,Herbivorus - mainly green and brown seaweed,Kyphosus vaigiensis,G158IV,2021-11-29T02:10:00Z,G158_IV,,Oceania,Australia,,Sample
SRR17060837,SAMN23482402,600,204467476,151002366,2017-12,Hindgut,lumen content from sample G157V,SRX13249731,Herbivorus - mainly green and brown seaweed,Kyphosus vaigiensis,G157V,2021-11-29T02:10:00Z,G157_V,,Oceania,Australia,,Sample
SRR17060838,SAMN23482401,600,275614946,197679002,2017-12,Midgut,lumen content from sample G157IV,SRX13249730,Herbivorus - mainly green and brown seaweed,Kyphosus vaigiensis,G157IV,2021-11-29T02:10:00Z,G157_IV,,Oceania,Australia,,Sample
SRR17060839,SAMN23482400,501,2162655,1730249,2011-03,Hindgut,lumen content from sample M97V,SRX13249729,Herbivorus - mainly red seaweed,Kyphosus cinerascens,M97V,2021-11-29T02:09:00Z,M97_V,,Oceania,Australia,,Sample
SRR17060840,SAMN23482399,501,90529675,69207963,2011-03,Hindgut,lumen content from sample M96V,SRX13249728,Herbivorus - mainly red seaweed,Kyphosus cinerascens,M96V,2021-11-29T02:09:00Z,M96_V,,Oceania,Australia,,Sample
SRR17060841,SAMN23482398,501,72630893,55504096,2011-03,Midgut,lumen content from sample M96IV,SRX13249727,Herbivorus - mainly red seaweed,Kyphosus cinerascens,M96IV,2021-11-29T02:09:00Z,M96I_V,,Oceania,Australia,,Sample
SRR17060842,SAMN23482397,501,58256519,44354457,2011-03,Hindgut,lumen content from sample M235V,SRX13249726,Herbivorus - mainly red seaweed,Kyphosus cinerascens,M235V,2021-11-29T02:09:00Z,M235_V,,Oceania,Australia,,Sample
SRR17060843,SAMN23482396,501,59507263,45396434,2011-03,Midgut,lumen content from sample M235IV,SRX13249725,Herbivorus - mainly red seaweed,Kyphosus cinerascens,M235IV,2021-11-29T02:09:00Z,M235_IV,,Oceania,Australia,,Sample
SRR17060844,SAMN23482395,501,69240000,53110236,2011-03,Hindgut,lumen content from sample M103V,SRX13249724,Herbivorus - mainly red seaweed,Kyphosus cinerascens,M103V,2021-11-29T02:09:00Z,M103_V,,Oceania,Australia,,Sample
SRR17060845,SAMN23482394,501,5039278,3954440,2011-03,Midgut,lumen content from sample M103IV,SRX13249723,Herbivorus - mainly red seaweed,Kyphosus cinerascens,M103IV,2021-11-29T02:09:00Z,M103_IV,,Oceania,Australia,,Sample
SRR17060846,SAMN23482385,601,264994880,192929588,2017-12,Midgut,lumen content from sample G138IV,SRX13249722,Herbivorus - mainly red seaweed,Kyphosus cinerascens,G138IV,2021-11-29T02:10:00Z,G138_IV,,Oceania,Australia,,Sample
SRR17060847,SAMN23482384,601,207832181,152445273,2017-12,Midgut,lumen content from sample G135IV,SRX13249721,Herbivorus - mainly red seaweed,Kyphosus cinerascens,G135IV,2021-11-29T02:10:00Z,G135_IV,,Oceania,Australia,,Sample
ERR3585831,SAMEA6061589,600,41680233,21005371,2018-05,Midgut,fecal material (ENVO_00002003),ERX3581773,Herbivorus,Kyphosus sydneyanus,KS.SCFA.G196IV-16S,2019-12-09T07:09:00Z,G196_IV,,Oceania,New Zealand,,Sample
ERR3585832,SAMEA6061590,598,236145086,116077874,2018-05,Hindgut,fecal material (ENVO_00002003),ERX3581774,Herbivorus,Kyphosus sydneyanus,KS.SCFA.G196V-16S,2019-12-09T07:09:00Z,G196_V,,Oceania,New Zealand,,Sample
ERR3585834,SAMEA6061592,600,29222137,15071818,2018-05,Midgut,fecal material (ENVO_00002003),ERX3581776,Herbivorus,Kyphosus sydneyanus,KS.SCFA.G197IV-16S,2019-12-09T07:10:00Z,G197_IV,,Oceania,New Zealand,,Sample
ERR3585835,SAMEA6061593,598,78579881,38753053,2018-05,Hindgut,fecal material (ENVO_00002003),ERX3581777,Herbivorus,Kyphosus sydneyanus,KS.SCFA.G197V-16S,2019-12-09T07:10:00Z,G197_V,,Oceania,New Zealand,,Sample
ERR3585837,SAMEA6061595,598,113151943,57870566,2018-05,Midgut,fecal material (ENVO_00002003),ERX3581779,Herbivorus,Kyphosus sydneyanus,KS.SCFA.G198IV-16S,2019-12-09T07:10:00Z,G198_IV,,Oceania,New Zealand,,Sample
ERR3585838,SAMEA6061596,597,126001340,61842884,2018-05,Hindgut,fecal material (ENVO_00002003),ERX3581780,Herbivorus,Kyphosus sydneyanus,KS.SCFA.G198V-16S,2019-12-09T07:10:00Z,G198V,,Oceania,New Zealand,,Sample
ERR3585840,SAMEA6061598,598,190680171,98119553,2018-05,Midgut,fecal material (ENVO_00002003),ERX3581782,Herbivorus,Kyphosus sydneyanus,KS.SCFA.G199IV-16S,2019-12-09T07:11:00Z,G199_IV,,Oceania,New Zealand,,Sample
ERR3585841,SAMEA6061599,598,40606807,19943452,2018-05,Hindgut,fecal material (ENVO_00002003),ERX3581783,Herbivorus,Kyphosus sydneyanus,KS.SCFA.G199V-16S,2019-12-09T07:11:00Z,G199_V,,Oceania,New Zealand,,Sample
ERR3585843,SAMEA6061601,600,184723385,92329890,2018-05,Midgut,fecal material (ENVO_00002003),ERX3581785,Herbivorus,Kyphosus sydneyanus,KS.SCFA.G200IV-16S,2019-12-09T07:11:00Z,G200_IV,,Oceania,New Zealand,,Sample
ERR3585844,SAMEA6061602,597,73530687,36024470,2018-05,Hindgut,fecal material (ENVO_00002003),ERX3581786,Herbivorus,Kyphosus sydneyanus,KS.SCFA.G200V-16S,2019-12-09T07:11:00Z,G200_V,,Oceania,New Zealand,,Sample
ERR3585846,SAMEA6061604,463,11071509,6925602,2018-05,Hindgut,fecal material (ENVO_00002003),ERX3581788,Herbivorus,Kyphosus sydneyanus,KS.SCFA.G201V-16S,2019-12-09T07:12:00Z,G201_V,,Oceania,New Zealand,,Sample
SRR19856781,SAMN29361048,151,8.20 M,4.79 Mb,2019,Whole gut,,SRX15900449,Faunivorous Corallivore,Pomacanthus annularis,LF015e.M4,2022-06-2702:15:00Z,AUF006,biological replicate 2,Asia,Singapore,,Sample
SRR19856782,SAMN29361047,151,4.13 M,2.47 Mb,2019,Whole gut,,SRX15900448,Faunivorous Corallivore,Pomacanthus annularis,LF014e.M4,2022-06-2702:15:00Z,AUF007,biological replicate 1,Asia,Singapore,,Sample
SRR5331679,SAMN06556264,498,8248254,5089031,missing,Hindgut,gut contents,SRX2630506,Faunivorous Corallivore,Pomacanthus sexstriatus,E03_V,2017-03-09T18:03:00Z,E03_V,,Oceania,Great Barrier Reef,M,Sample
SRR5331680,SAMN06556263,498,15201192,9963109,12/18/14,Hindgut,gut contents,SRX2630507,Faunivorous Corallivore,Pomacanthus sexstriatus,611_V,2017-03-09T18:03:00Z,611_V,,Oceania,Great Barrier Reef,F,Sample
SRR5331681,SAMN06556262,498,17510088,11398632,12/14/14,Hindgut,gut contents,SRX2630508,Faunivorous Corallivore,Pomacanthus sexstriatus,581_V,2017-03-09T18:03:00Z,581_V,,Oceania,Great Barrier Reef,M,Sample
SRR5331682,SAMN06556261,498,19238005,12612397,12/12/14,Hindgut,gut contents,SRX2630509,Faunivorous Corallivore,Pomacanthus sexstriatus,568_V,2017-03-09T18:03:00Z,568_V,,Oceania,Great Barrier Reef,M,Sample
SRR5331686,SAMN06556257,498,26152530,16911146,12/12/14,Midgut,gut contents,SRX2630513,Faunivorous Corallivore,Pomacanthus sexstriatus,568_IV,2017-03-09T18:04:00Z,568_IV,,,,,Control
,,,,,,,,,,,,,,,,,,Control
,,,,,,,,,,,,,,,Oceania,Great Barrier Reef,M,Sample
SRR5331683,SAMN06556260,498,26800460,16182091,3/18/11,Hindgut,gut contents,SRX2630510,Faunivorous Corallivore,Pomacanthus sexstriatus,E3_V,2017-03-09T18:03:00Z,E3_V,,Oceania,Great Barrier Reef,M,Sample
SRR5331687,SAMN06556256,498,19138803,13064222,3/18/11,Midgut,gut contents,SRX2630514,Faunivorous Corallivore,Pomacanthus sexstriatus,E3_IV,2017-03-09T18:04:00Z,E3_IV,,Oceania,Great Barrier Reef,F,Sample
SRR5331684,SAMN06556259,498,39409023,23885063,3/18/11,Hindgut,gut contents,SRX2630511,Faunivorous Corallivore,Pomacanthus sexstriatus,E2_V,2017-03-09T18:04:00Z,E2_V,,Oceania,Great Barrier Reef,F,Sample
SRR5331688,SAMN06556255,498,43453462,25684517,3/18/11,Midgut,gut contents,SRX2630515,Faunivorous Corallivore,Pomacanthus sexstriatus,E2_IV,2017-03-09T18:04:00Z,E2_IV,,Oceania,Great Barrier Reef,M,Sample
SRR5331685,SAMN06556258,498,30343222,18217736,3/18/11,Hindgut,gut contents,SRX2630512,Faunivorous Corallivore,Pomacanthus sexstriatus,E1_V,2017-03-09T18:04:00Z,E1_V,,Oceania,Great Barrier Reef,M,Sample
SRR5331689,SAMN06556254,498,42025035,24167491,3/18/11,Midgut,gut contents,SRX2630516,Faunivorous Corallivore,Pomacanthus sexstriatus,E1_IV,2017-03-09T18:04:00Z,E1_IV,,Oceania,Great Barrier Reef,,Sample
SRR5331678,SAMN06556265,498,53364327,32744132,3/22/05,Hindgut,gut contents,SRX2630505,Faunivorous Corallivore,Pomacanthus sexstriatus,E05_V,2017-03-09T18:03:00Z,E05_V,,Oceania,Great Barrier Reef,,Sample